{
  "project_info": {
    "project_number": "191111045327",
    "project_id": "netmindamigoinvisible",
    "storage_bucket": "netmindamigoinvisible.firebasestorage.app"
  },
  "client": [
    {
      "client_info": {
        "mobilesdk_app_id": "1:191111045327:android:4946f0f1901444a74ad7ba",
        "android_client_info": {
          "package_name": "NetMind.amigoinvisible"
        }
      },
      "oauth_client": [
        {
          "client_id": "191111045327-j5cr0g8c61r8ki6cbeuivh23133id33s.apps.googleusercontent.com",
          "client_type": 1,
          "android_info": {
            "package_name": "NetMind.amigoinvisible",
            "certificate_hash": "50aec766ae76ca3ddd60f6c7fe0c84fa417678a1"
          }
        },
        {
          "client_id": "191111045327-5ne1r48jldanhb4hohqgv0jtc343ceh9.apps.googleusercontent.com",
          "client_type": 3
        }
      ],
      "api_key": [
        {
          "current_key": "AIzaSyCccdCed84VesZw-NZtx0pwrs4B5AvOEvs"
        }
      ],
      "services": {
        "appinvite_service": {
          "other_platform_oauth_client": [
            {
              "client_id": "191111045327-5ne1r48jldanhb4hohqgv0jtc343ceh9.apps.googleusercontent.com",
              "client_type": 3
            }
          ]
        }
      }
    }
  ],
  "configuration_version": "1"
}